<?xml version="1.0" encoding="UTF-8"?><rss version="2.0"
	xmlns:content="http://purl.org/rss/1.0/modules/content/"
	xmlns:wfw="http://wellformedweb.org/CommentAPI/"
	xmlns:dc="http://purl.org/dc/elements/1.1/"
	xmlns:atom="http://www.w3.org/2005/Atom"
	xmlns:sy="http://purl.org/rss/1.0/modules/syndication/"
	xmlns:slash="http://purl.org/rss/1.0/modules/slash/"
	 xmlns:media="http://search.yahoo.com/mrss/" >

<channel>
	<title>CÁ CƯỢC BÓNG ĐÁ &#8211; vf555</title>
	<atom:link href="/ca-cuoc-bong-da/feed/" rel="self" type="application/rss+xml" />
	<link>/</link>
	<description>Một trang web mới sử dụng WordPress</description>
	<lastBuildDate>Wed, 31 Jul 2024 04:23:22 +0000</lastBuildDate>
	<language>vi</language>
	<sy:updatePeriod>
	hourly	</sy:updatePeriod>
	<sy:updateFrequency>
	1	</sy:updateFrequency>
	<generator>https://wordpress.org/?v=6.7.1</generator>

<image>
	<url>/wp-content/uploads/2024/04/cropped-avatar-32x32.webp</url>
	<title>CÁ CƯỢC BÓNG ĐÁ &#8211; vf555</title>
	<link>/</link>
	<width>32</width>
	<height>32</height>
</image> 
	<item>
		<title>Soi Kèo Bóng Đá &#8211; Hướng Dẫn Soi Kèo Bất Khả Chiến Bại 2024</title>
		<link>/soi-keo-bong-da/</link>
		
		<dc:creator><![CDATA[vf555casino]]></dc:creator>
		<pubDate>Wed, 31 Jul 2024 04:23:22 +0000</pubDate>
				<category><![CDATA[CÁ CƯỢC BÓNG ĐÁ]]></category>
		<guid isPermaLink="false">/?p=413</guid>

					<description><![CDATA[Soi kèo bóng đá có lẽ là cụm từ không còn quá xa lạ đối với những thành viên yêu thích môn thể thao vua. Đây chính là hoạt động giúp xác suất thắng cuộc của người chơi cao hơn, dễ dàng ăn thưởng cực to. Mọi người hãy đón đọc bài viết ngày hôm [...]]]></description>
										<content:encoded><![CDATA[<p><a href="/soi-keo-bong-da/" class="broken_link"><b>Soi kèo bóng đá</b></a><span style="font-weight: 400;"> có lẽ là cụm từ không còn quá xa lạ đối với những thành viên yêu thích môn thể thao vua. Đây chính là hoạt động giúp xác suất thắng cuộc của người chơi cao hơn, dễ dàng ăn thưởng cực to. Mọi người hãy đón đọc bài viết ngày hôm nay của <strong><a href="/" class="broken_link">VF555</a></strong> để chinh phục bộ môn này trong khoảng thời gian ngắn nhất. </span></p>
<h2><b>Định nghĩa cơ bản của soi kèo bóng đá</b></h2>
<p><span style="font-weight: 400;">Trước khi đến với những bí quyết soi kèo bất khả chiến bại đến từ các tay chơi có kinh nghiệm lâu năm trong nghề, cược thủ nên hiểu rõ một vài thông tin cơ bản. </span><b>Soi kèo bóng đá </b><span style="font-weight: 400;">thực chất chính là tất tần tật phương pháp với mục đích nghiên cứu cũng như đánh giá trận đấu trước khi bóng lăn sân. Qua đó, mọi người có thể đưa ra quyết định chính xác và giành tiền thưởng khủng.</span></p>
<p><span style="font-weight: 400;">Đặc biệt, </span><b>soi kèo bóng đá</b><span style="font-weight: 400;"> luôn là hoạt động cực kỳ quan trọng mà bất kỳ thành viên từ lâu năm đến mới vào nghề đều phải thực hiện trước khi cá cược. Kèo thường bị tác động bởi nhiều yếu tố như tiền vốn, phong độ thi đấu của đội tuyển, tỷ lệ kèo, … Vì vậy, khi tiến hành soi kèo, bạn hãy chú ý vào các điều này để hạn chế tối đa quyết định sai lầm dẫn đến thua cuộc. </span></p>
<p><span style="font-weight: 400;">Khi tiến hành soi kèo, mọi người tổng hợp thông tin càng nhiều, khả năng chiến thắng càng cao. Do đó, bạn phải dành nhiều thời gian trước trận đấu để tìm hiểu và phân tích dữ liệu của từng câu lạc bộ.</span></p>
<figure id="attachment_416" aria-describedby="caption-attachment-416" style="width: 800px" class="wp-caption aligncenter"><img fetchpriority="high" decoding="async" class="size-full wp-image-416" src="/wp-content/uploads/2024/07/soi-keo-bong-da-la-gi.jpg" alt="Khái niệm soi kèo bóng đá đơn giản mà bạn cần biết" width="800" height="400" title="Soi Kèo Bóng Đá - Hướng Dẫn Soi Kèo Bất Khả Chiến Bại 2024 1" srcset="/wp-content/uploads/2024/07/soi-keo-bong-da-la-gi.jpg 800w, /wp-content/uploads/2024/07/soi-keo-bong-da-la-gi-300x150.jpg 300w, /wp-content/uploads/2024/07/soi-keo-bong-da-la-gi-768x384.jpg 768w" sizes="(max-width: 800px) 100vw, 800px" /><figcaption id="caption-attachment-416" class="wp-caption-text"><em>Khái niệm soi kèo bóng đá đơn giản mà bạn cần biết</em></figcaption></figure>
<h2><b>Soi kèo bóng đá và mục đích cơ bản của hoạt động</b></h2>
<p><span style="font-weight: 400;">Cá độ bóng đá là bộ môn may rủi mà nhiều người chơi yêu thích bậc nhất hiện nay. Tuy nhiên, nếu bạn có kỹ năng soi kèo, đây sẽ không là loại hình đỏ đen phụ thuộc vào may mắn nữa. Mọi người chắc chắn sẽ chủ động giành chiến thắng một cách nhanh chóng và dễ dàng nhất. Tầm quan trọng của hoạt động này sẽ được bật mí ngày bên dưới, đó chính là:</span></p>
<h3><b>Soi kèo bóng đá &#8211; Cải thiện độ chính xác tuyệt đối</b></h3>
<p><span style="font-weight: 400;">Khi tiến hành soi kèo, người chơi bắt buộc phải tiến hành tìm hiểu và phân tích toàn bộ những thông tin có liên quan đến hai đội tuyển sắp thi đấu. Đặc biệt là phong độ trong thời gian gần đây, qua các yếu tố này, mọi người có thể nắm được tình hình tổng quan của trận đấu, qua đó, họ chắc chắn sẽ lựa chọn cửa có tỷ lệ cược cao hơn.</span></p>
<h3><b>Soi kèo bóng đá hạn chế rủi ro thua cuộc</b></h3>
<p><span style="font-weight: 400;">Thua lỗ chắc chắn là điều mà bất kỳ thành viên nào cũng vô cùng lo sợ khi tiến hành chơi cá cược. Do đó, khi </span><b>soi kèo bóng đá,</b><span style="font-weight: 400;"> bạn chắc chắn sẽ tối ưu hóa lợi nhuận và giành tiền thưởng một cách dễ dàng. Bởi mọi lựa chọn đều được quyết định bởi thông tin chính xác, tuyệt đối không có trường hợp dựa vào cảm tính để xuống tiền.</span></p>
<figure id="attachment_415" aria-describedby="caption-attachment-415" style="width: 800px" class="wp-caption aligncenter"><img decoding="async" class="size-full wp-image-415" src="/wp-content/uploads/2024/07/soi-keo-bong-da-va-tam-quan-trong.jpg" alt="Soi kèo - Cách hạn chế rủi ro thua cuộc hàng đầu hiện nay" width="800" height="400" title="Soi Kèo Bóng Đá - Hướng Dẫn Soi Kèo Bất Khả Chiến Bại 2024 2" srcset="/wp-content/uploads/2024/07/soi-keo-bong-da-va-tam-quan-trong.jpg 800w, /wp-content/uploads/2024/07/soi-keo-bong-da-va-tam-quan-trong-300x150.jpg 300w, /wp-content/uploads/2024/07/soi-keo-bong-da-va-tam-quan-trong-768x384.jpg 768w" sizes="(max-width: 800px) 100vw, 800px" /><figcaption id="caption-attachment-415" class="wp-caption-text"><em>Soi kèo &#8211; Cách hạn chế rủi ro thua cuộc hàng đầu hiện nay</em></figcaption></figure>
<h3><b>Soi kèo &#8211; Phương pháp tránh kèo bẫy hiệu quả</b></h3>
<p><span style="font-weight: 400;">Một trong những lợi ích khi tiến hành soi kèo chính là giảm thiểu rủi ro chọn nhầm kèo bẫy. Bởi tại bất kỳ nhà cái nào trên thị trường cũng thường xuyên tung ra kèo dụ với mức thưởng khủng khiến người chơi đặc biệt yêu thích. Tuy nhiên, nếu bạn đã nghiên cứu, phân tích trận đấu, bet thủ chắc chắn sẽ nhìn ra được đâu là kèo bẫy và không lựa chọn chúng. </span></p>
<h2><b>Hướng dẫn cách soi kèo bóng đá siêu đỉnh từ cao thủ</b></h2>
<p><span style="font-weight: 400;">Việc soi kèo có lẽ đã quá đỗi quen thuộc đối với thành viên yêu thích bóng đá lâu năm, tuy nhiên, điều này lại tương đối khó khăn và phức tạp với tân thủ. Mọi người không cần phải lo lắng bởi những hướng dẫn chi tiết và cụ thể nhất lập tức được liệt kê, chúng bao gồm:</span></p>
<h3><b>Soi kèo tại những giải đấu hàng đầu thế giới</b></h3>
<p><span style="font-weight: 400;">Đối với những tân thủ mới tìm hiểu về loại hình này và mong muốn trải nghiệm, bạn hãy lựa chọn giải đấu lớn hàng đầu thế giới để gia tăng khả năng chiến thắng. Bởi các CLB tại đây đều là cái tên nổi bật, qua đó, thông tin đa dạng và phong phú giúp bạn dễ dàng tổng hợp và phân tích. Đặc biệt, sự biến đổi cũng được cập nhật nhanh chóng, nó hỗ trợ cho thành viên mới nghiên cứu trận đơn giản hơn.</span></p>
<figure id="attachment_414" aria-describedby="caption-attachment-414" style="width: 800px" class="wp-caption aligncenter"><img decoding="async" class="size-full wp-image-414" src="/wp-content/uploads/2024/07/soi-keo-bong-da-va-huong-dan.jpg" alt="Bạn nên soi kèo ở các giải đấu lớn, có nhiều thông tin" width="800" height="400" title="Soi Kèo Bóng Đá - Hướng Dẫn Soi Kèo Bất Khả Chiến Bại 2024 3" srcset="/wp-content/uploads/2024/07/soi-keo-bong-da-va-huong-dan.jpg 800w, /wp-content/uploads/2024/07/soi-keo-bong-da-va-huong-dan-300x150.jpg 300w, /wp-content/uploads/2024/07/soi-keo-bong-da-va-huong-dan-768x384.jpg 768w" sizes="(max-width: 800px) 100vw, 800px" /><figcaption id="caption-attachment-414" class="wp-caption-text"><em>Bạn nên soi kèo ở các giải đấu lớn, có nhiều thông tin</em></figcaption></figure>
<h3><b>Tinh thần thoải mái khi soi kèo</b></h3>
<p><span style="font-weight: 400;">Khi soi kèo, người chơi bắt buộc phải giữ tinh thần thoải mái để đưa ra quyết định chuẩn xác nhất. Nếu có thắng lớn hay thất bại thảm hại, bạn hãy luôn đảm bảo rằng bản thân đủ bình tĩnh và kiềm chế cảm xúc tốt.</span></p>
<h3><b>Nên soi kèo dựa vào thông tin có căn cứ</b></h3>
<p><span style="font-weight: 400;">Một trong những điều mà bạn nên chú ý chính là chọn thông tin soi kèo một cách chính xác, có tuyển chọn. Tuyệt đối không được chọn đội theo cảm hứng hay đám đông. Điều này chỉ khiến mọi người nhanh chóng mất trắng toàn bộ số vốn đã bỏ ra trước đó.</span></p>
<p><span style="font-weight: 400;">Ngoài ra, khi tiến hành soi kèo và cá cược, bạn hãy đảm bảo rằng bản thân phân chia nguồn vốn hợp lý. Hạn chế bỏ ra quá nhiều tiền trong một lượt chơi. Khả năng rủi ro lúc này là vô cùng cao.</span></p>
<p><b>Soi kèo bóng đá </b><span style="font-weight: 400;">và những thông tin nổi bật nhất đã được VF555 bật mí qua bài viết ngày hôm nay. Mọi người hãy tham khảo và áp dụng để có các phút giây trải nghiệm đáng nhớ nhé.</span></p>
]]></content:encoded>
					
		
		
			</item>
		<item>
		<title>Kèo Nhà Cái Bóng Đá Là Gì? Khám Phá Một Số Kèo Điển Hình</title>
		<link>/keo-nha-cai-bong-da/</link>
		
		<dc:creator><![CDATA[vf555casino]]></dc:creator>
		<pubDate>Wed, 17 Jul 2024 09:12:24 +0000</pubDate>
				<category><![CDATA[CÁ CƯỢC BÓNG ĐÁ]]></category>
		<guid isPermaLink="false">/?p=312</guid>

					<description><![CDATA[Kèo nhà cái bóng đá là một thuật ngữ quen thuộc đối với anh em nào đam mê bộ môn thể thao vua. Sẽ có những trận đấu được xem xét và công bố trên bảng kèo để người chơi dễ dàng dựa vào đó tham gia đặt cược. Không khó để hiểu rõ những [...]]]></description>
										<content:encoded><![CDATA[<p><a href="/keo-nha-cai-bong-da/" class="broken_link"><b>Kèo nhà cái bóng đá</b></a><span style="font-weight: 400;"> là một thuật ngữ quen thuộc đối với anh em nào đam mê bộ môn thể thao vua. Sẽ có những trận đấu được xem xét và công bố trên bảng kèo để người chơi dễ dàng dựa vào đó tham gia đặt cược. Không khó để hiểu rõ những thuật ngữ này vì bài viết sau đây sẽ cung cấp thông tin về kèo nhà cái dành cho những ai chưa biết.</span></p>
<h2><b>Kèo nhà cái bóng đá là gì?</b></h2>
<p><b>Kèo nhà cái bóng đá</b><span style="font-weight: 400;"> là những hệ số cá cược phổ biến do VF555 công bố và người chơi sẽ tham gia dự đoán. Cụ thể, bạn sẽ truy cập vào trang <strong><a href="/" class="broken_link">/</a></strong> cá độ thể thao và chọn một trong những trận đấu banh bóng sắp sửa diễn ra. Người chơi có thể dự đoán về tỷ số, hoặc số lần phạt góc, hoạt số lần thẻ vàng,&#8230;</span></p>
<p><span style="font-weight: 400;">Nói chung, </span><b>kèo nhà cái bóng đá </b><span style="font-weight: 400;">không chỉ có một hai loại mà có rất nhiều loại khác nhau. Người chơi mới có thể khó khăn trong giai đoạn ban đầu vì không hiểu rõ những loại kèo này. Tuy nhiên, thực ra những hệ số cá độ này vô cùng dễ hiểu nên bạn có thể nắm rõ trong phần thông tin được giải thích phía sau.</span></p>
<figure id="attachment_313" aria-describedby="caption-attachment-313" style="width: 800px" class="wp-caption aligncenter"><img loading="lazy" decoding="async" class="size-full wp-image-313" src="/wp-content/uploads/2024/07/khai-niem-keo-nha-cai.jpg" alt="Khái niệm kèo nhà cái bóng đá" width="800" height="400" title="Kèo Nhà Cái Bóng Đá Là Gì? Khám Phá Một Số Kèo Điển Hình 4" srcset="/wp-content/uploads/2024/07/khai-niem-keo-nha-cai.jpg 800w, /wp-content/uploads/2024/07/khai-niem-keo-nha-cai-300x150.jpg 300w, /wp-content/uploads/2024/07/khai-niem-keo-nha-cai-768x384.jpg 768w" sizes="auto, (max-width: 800px) 100vw, 800px" /><figcaption id="caption-attachment-313" class="wp-caption-text"><em>Khái niệm kèo nhà cái bóng đá</em></figcaption></figure>
<h2><b>Cách VF555 công bố kèo nhà cái bóng đá</b></h2>
<p><span style="font-weight: 400;">Làm thế nào để nhà cái công bố những kèo cược cùng với những hệ số bóng đá? Cụ thể, VF555 thu thập thông tin từ nhiều nguồn chính thống để nắm rõ thành tích, phong độ của hai đội. Từ đó, các chuyên gia sẽ đánh giá xem đội nào mạnh hơn và đội nào yếu hơn để đưa ra kèo cược phù hợp. Người chơi truy cập </span><b>kèo nhà cái bóng đá</b><span style="font-weight: 400;"> có thể dự đoán tỷ số chính xác, tổng tỷ số tùy loại.</span></p>
<p><span style="font-weight: 400;">Kèo nhà cái được công bố từ sớm bởi VF555 để người chơi truy cập và tham gia đặt cược. Bạn sẽ phải cân nhắc giữa nhiều yếu tố để chọn hệ số tương ứng với kèo cược đó. Một ưu điểm nữa cần nói đến là nhà cái VF555 không có sự thay đổi liên tục đối với kèo cược, vì vậy người chơi có thể yên tâm khi tham gia tại đơn vị này.</span></p>
<figure id="attachment_315" aria-describedby="caption-attachment-315" style="width: 800px" class="wp-caption aligncenter"><img loading="lazy" decoding="async" class="size-full wp-image-315" src="/wp-content/uploads/2024/07/cach-cong-bo-keo-nha-cai.jpg" alt="Cách công bố kèo nhà cái" width="800" height="400" title="Kèo Nhà Cái Bóng Đá Là Gì? Khám Phá Một Số Kèo Điển Hình 5" srcset="/wp-content/uploads/2024/07/cach-cong-bo-keo-nha-cai.jpg 800w, /wp-content/uploads/2024/07/cach-cong-bo-keo-nha-cai-300x150.jpg 300w, /wp-content/uploads/2024/07/cach-cong-bo-keo-nha-cai-768x384.jpg 768w" sizes="auto, (max-width: 800px) 100vw, 800px" /><figcaption id="caption-attachment-315" class="wp-caption-text"><em>Cách công bố kèo nhà cái</em></figcaption></figure>
<h2><b>Một số kèo nhà cái bóng đá điển hình</b></h2>
<p><span style="font-weight: 400;">Nói đến kèo nhà cái, có không ít thể loại dự đoán cho bạn lựa chọn. Tùy vào sở thích của bạn mà người chơi có thể tùy chọn trận đấu cũng như hình thức cược của mình. Từng loại kèo bóng được phân chia thành nhiều hệ số khác nhau cũng như bạn phải hiểu rõ ý nghĩa của nó. Thông tin sau đây sẽ phần nào giúp người chơi hình dung về kèo nhà cái có ý nghĩa như thế nào. </span></p>
<h3><b>Kèo Châu Á</b></h3>
<p><span style="font-weight: 400;">Kèo Châu Á, kèo chấp là giống nhau và đều có ký hiệu là HDP. Bạn có thể dự đoán hình thức cược này dựa trên kết quả của cả một trận đấu hoặc chỉ trong hiệp 1. Cụ thể, có thể hiểu về kèo chấp là có một hệ số chấp được đặt giữa hai đội để cân bằng tỷ lệ thắng thua.</span></p>
<p><span style="font-weight: 400;">Bởi vì trong bóng đá nói riêng và thể thao nói chung, các đội bóng thưởng không cân bằng nhau về năng lực nên mới có kèo chấp này. Người chơi sẽ tham gia cược vào đội mà bạn cho là sẽ giành chiến thắng. Tỷ lệ chấp càng nhiều đồng nghĩa sự chênh lệch này càng lớn. Đội kèo trên muốn giành được chiến thắng phải bỏ ra nhiều công sức hơn. </span></p>
<h3><b>Kèo Châu Âu</b></h3>
<p><b>Kèo nhà cái bóng đá</b><span style="font-weight: 400;"> tiếp theo được đề cập trong bài viết này cũng phổ biến không kém, đó chính là kèo Châu Âu với ký hiệu 1&#215;2. Bạn có 3 lựa chọn tương ứng là đội A, đội B, người chơi sẽ chọn 1 trong 2 đội này nếu cho rằng sẽ có một bên ghi được số lượng bàn thắng vượt trội hơn. Còn nếu bạn cho rằng kết quả sau hiệp 1 hoặc sau 90 phút thi đấu là bằng nhau thì có lựa chọn thứ ba là cửa hòa.</span></p>
<p><span style="font-weight: 400;">Kèo Châu Âu tương ứng với hệ số thưởng mà nhà cái VF555 đề ra. Đội bóng nào mà bạn nhìn thấy có tỷ lệ thưởng này càng cao thì điều này được hiểu là đội bóng đó có năng lực và phong độ không tốt. Ngược lại, đội kèo trên có tỷ lệ chiến thắng cao hơn sẽ có tỷ lệ thưởng thấp.</span></p>
<figure id="attachment_314" aria-describedby="caption-attachment-314" style="width: 800px" class="wp-caption aligncenter"><img loading="lazy" decoding="async" class="size-full wp-image-314" src="/wp-content/uploads/2024/07/mot-so-keo-nha-cai-co-ban.jpg" alt="Một số kèo nhà cái cơ bản" width="800" height="400" title="Kèo Nhà Cái Bóng Đá Là Gì? Khám Phá Một Số Kèo Điển Hình 6" srcset="/wp-content/uploads/2024/07/mot-so-keo-nha-cai-co-ban.jpg 800w, /wp-content/uploads/2024/07/mot-so-keo-nha-cai-co-ban-300x150.jpg 300w, /wp-content/uploads/2024/07/mot-so-keo-nha-cai-co-ban-768x384.jpg 768w" sizes="auto, (max-width: 800px) 100vw, 800px" /><figcaption id="caption-attachment-314" class="wp-caption-text"><em>Một số kèo nhà cái cơ bản</em></figcaption></figure>
<h3><b>Kèo tài xỉu</b></h3>
<p><span style="font-weight: 400;">Tài xỉu chỉ có hai lựa chọn bao gồm tài và xỉu. Nếu nói đến</span><b> kèo nhà cái bóng đá </b><span style="font-weight: 400;">thì chắc chắn rằng đây là kèo cược mà bạn không thể bỏ qua. Tài được hiểu là lớn hơn, xỉu được hiểu là nhỏ hơn, bạn sẽ chọn 1 trong 2 lựa chọn này khi so sánh với hệ số X mà nhà cái đề ra. </span></p>
<p><span style="font-weight: 400;">Theo kinh nghiệm mà cao thủ truyền đạt, những trận đấu nào có tính chất giao lưu nhiều hơn sẽ có số lượng bàn thắng cao hơn. Và ngược lại, trận nào càng quan trọng thì các cầu thủ càng có sự cẩn thận khi thi đấu nên sẽ không có quá nhiều bàn thắng được ghi.</span></p>
<p><span style="font-weight: 400;">Vừa rồi là thông tin về </span><b>kèo nhà cái bóng đá </b><span style="font-weight: 400;">dành cho những ai đang tìm hiểu về chủ đề này. Hãy tham khảo một số kèo trên và tham gia dự đoán trước khi trận đấu chính thức diễn ra nhé!</span></p>
]]></content:encoded>
					
		
		
			</item>
		<item>
		<title>Cược Xiên Là Gì? Top Chiến Thuật Ghép Xâu Đại Thắng Tại VF555</title>
		<link>/cuoc-xien-la-gi/</link>
		
		<dc:creator><![CDATA[vf555casino]]></dc:creator>
		<pubDate>Wed, 17 Jul 2024 08:44:09 +0000</pubDate>
				<category><![CDATA[CÁ CƯỢC BÓNG ĐÁ]]></category>
		<guid isPermaLink="false">/?p=283</guid>

					<description><![CDATA[Cược xiên là gì là câu hỏi được một số người mới chơi cá độ đặt ra tại VF555. Hình thức chốt cược này có gì đặc biệt, cách đánh xâu đơn giản hay không? Làm cách nào để dự đoán Multiple Bets hiệu quả và thu về tiền thưởng tối đa? Mọi người hãy [...]]]></description>
										<content:encoded><![CDATA[<p><a href="/cuoc-xien-la-gi/" class="broken_link"><b>Cược xiên là gì</b></a><span style="font-weight: 400;"> là câu hỏi được một số người mới chơi cá độ đặt ra tại VF555. Hình thức chốt cược này có gì đặc biệt, cách đánh xâu đơn giản hay không? Làm cách nào để dự đoán Multiple Bets hiệu quả và thu về tiền thưởng tối đa? Mọi người hãy tham khảo bài viết của <strong><a href="/" class="broken_link">Vf555casino</a></strong> để tìm hiểu cách dự đoán kèo xiên chắc thắng nhé.</span></p>
<h2><b>Lý giải cược xiên là gì?</b></h2>
<p><span style="font-weight: 400;">Những người chơi mới tại nhà cái VF555 rất tò mò và chưa hiểu rõ </span><b>cược xiên là gì</b><span style="font-weight: 400;">. Đây là loại hình chốt cược ấn tượng, còn được biết đến với tên gọi khác là kèo hỗn hợp. Tại sân chơi chính thống, kèo đá banh này thường có cách gọi là Multiple Best hoặc Mix Parlay. Theo đó, mọi người sẽ ghép từ ít nhất 2 tỷ lệ cược trong các trận đấu khác nhau để tạo thành vé xiên hoàn chỉnh.</span></p>
<p><span style="font-weight: 400;">Khi chơi kèo đá banh này, anh em cần dự đoán chính xác tất cả các tỷ lệ bóng đá trong vé xâu mới có thể giành chiến thắng. Ví dụ, khi nhận định Multiple Best 3 chân, cả 3 kèo đó trả về anh em mới thu được tiền thưởng. Nếu chỉ cần 1 tỷ lệ cược không xuất hiện, người chơi sẽ thua trắng số tiền đã dự đoán ban đầu.</span></p>
<figure id="attachment_284" aria-describedby="caption-attachment-284" style="width: 800px" class="wp-caption aligncenter"><img loading="lazy" decoding="async" class="size-full wp-image-284" src="/wp-content/uploads/2024/07/cuoc-xien-la-gi-giai-thich.jpg" alt="Giải mã cược xiên là gì dễ hiểu nhất với các tân thủ" width="800" height="400" title="Cược Xiên Là Gì? Top Chiến Thuật Ghép Xâu Đại Thắng Tại VF555 7" srcset="/wp-content/uploads/2024/07/cuoc-xien-la-gi-giai-thich.jpg 800w, /wp-content/uploads/2024/07/cuoc-xien-la-gi-giai-thich-300x150.jpg 300w, /wp-content/uploads/2024/07/cuoc-xien-la-gi-giai-thich-768x384.jpg 768w" sizes="auto, (max-width: 800px) 100vw, 800px" /><figcaption id="caption-attachment-284" class="wp-caption-text"><em>Giải mã cược xiên là gì dễ hiểu nhất với các tân thủ</em></figcaption></figure>
<h2><b>Cách tính cược xiên là gì tại VF555?</b></h2>
<p><span style="font-weight: 400;">Trước khi khám phá kinh nghiệm đánh</span><b> cược xiên là gì</b><span style="font-weight: 400;"> thành công nhất, mọi người cần nắm vững công thức tính tỷ lệ kèo này. Dưới đây là một số cách tính xâu cơ bản được chơi phổ biến tại VF555:</span></p>
<h3><b>Tính kèo xâu tài xỉu và Handicap</b></h3>
<p><span style="font-weight: 400;">Nếu đánh Multiple Bets bằng cách ghép các mức cược châu Á và tài xỉu, người chơi cần hiểu rõ cách tính của vé xâu này. Dưới đây là một số công thức được áp dụng đơn giản nhất tại VF555:</span></p>
<ul>
<li style="font-weight: 400;" aria-level="1"><span style="font-weight: 400;">Thắng đủ: Hệ số thắng = mức cược 1 x mức cược 2 x…x mức cược n.</span></li>
<li style="font-weight: 400;" aria-level="1"><span style="font-weight: 400;">Thắng nửa: Hệ số thắng = (mức cược &#8211; 1)/2 + 1.</span></li>
<li style="font-weight: 400;" aria-level="1"><span style="font-weight: 400;">Thua nửa: Hệ số thua = Mức cược/2.</span></li>
<li style="font-weight: 400;" aria-level="1"><span style="font-weight: 400;">Hòa cược: Hệ số kèo = Mức cược ban đầu.</span></li>
</ul>
<h3><b>Tính kèo xâu châu Âu</b></h3>
<p><span style="font-weight: 400;">Sau khi khám phá </span><b>cược xiên là gì</b><span style="font-weight: 400;">, mọi người chắc chắn không thể bỏ qua cách tính cược  xiên 1&#215;2 châu Âu. Đối với hình thức cá độ này, hệ số thưởng được tính tương đối đơn giản thông qua công thức sau:</span></p>
<ul>
<li style="font-weight: 400;" aria-level="1"><span style="font-weight: 400;">Hệ số thắng = Mức cược 1 x mức cược 2 x … x mức cược n.</span></li>
</ul>
<h2><b>Tổng hợp mẹo đánh cược xiên đại thắng tại sân chơi VF555 </b></h2>
<p><span style="font-weight: 400;">Nếu đã hiểu rõ </span><b>cược xiên là gì</b><span style="font-weight: 400;">, anh em hãy học hỏi thêm kinh nghiệm nhận định tỷ lệ bóng đá này để nâng cao cơ hội chiến thắng. Dưới đây là một số cách dự đoán cược xâu dễ thắng nhất của cao thủ VF555:</span></p>
<figure id="attachment_285" aria-describedby="caption-attachment-285" style="width: 800px" class="wp-caption aligncenter"><img loading="lazy" decoding="async" class="size-full wp-image-285" src="/wp-content/uploads/2024/07/cuoc-xien-la-gi-tips-choi.jpg" alt="Mẹo chơi Mix Parlay cực kỳ chuẩn xác" width="800" height="400" title="Cược Xiên Là Gì? Top Chiến Thuật Ghép Xâu Đại Thắng Tại VF555 8" srcset="/wp-content/uploads/2024/07/cuoc-xien-la-gi-tips-choi.jpg 800w, /wp-content/uploads/2024/07/cuoc-xien-la-gi-tips-choi-300x150.jpg 300w, /wp-content/uploads/2024/07/cuoc-xien-la-gi-tips-choi-768x384.jpg 768w" sizes="auto, (max-width: 800px) 100vw, 800px" /><figcaption id="caption-attachment-285" class="wp-caption-text"><em>Mẹo chơi Mix Parlay cực kỳ chuẩn xác</em></figcaption></figure>
<h3><b>Chơi ở trận cầu lớn và phân tích chuyên môn 2 đội</b></h3>
<p><span style="font-weight: 400;">Dành cho ai chưa biết kinh nghiệm </span><b>cược xiên là gì</b><span style="font-weight: 400;">, mọi người hãy tìm kiếm các cuộc so tài đỉnh cao để tham gia. Anh em nên dự đoán Mix Parlay tại các đấu trường danh giá như Premier League, Cúp vô địch Euro, La Liga,&#8230; Đây là các giải bóng đá uy tín với sự góp mặt của các đội bóng tên tuổi. Từ đó, mọi người sẽ tìm kiếm, đánh giá thông tin trước trận một cách khách quan nhất.</span></p>
<p><span style="font-weight: 400;">Ngoài ra, anh em nên nghiên cứu các chỉ số đánh giá, thống kê đặc biệt về từng đội bóng. Trong đó có một số thông tin cực kỳ quan trọng đó là:</span></p>
<ul>
<li style="font-weight: 400;" aria-level="1"><span style="font-weight: 400;">Đối đầu 2 đội: phân tích về thành tích gặp nhau trực tiếp trong 5 trận gần nhất để biết đội nào có ưu thế vượt trội hơn.</span></li>
<li style="font-weight: 400;" aria-level="1"><span style="font-weight: 400;">Phong độ gần đây: thông số phản ánh qua chuỗi trận gần nhất của từng đội bóng. Theo đó, đội sở hữu phong độ vượt trội hơn sẽ có xác suất thắng trận cao hơn.</span></li>
</ul>
<h3><b>Quan sát tỷ lệ cược của từng trận đấu</b></h3>
<p><span style="font-weight: 400;">Để ghép vé xâu chính xác, mọi người cần quan tâm đến bảng cược mới nhất trong các trận đấu muốn tham gia. Nhà cái VF555 sẽ cập nhật tỷ lệ kèo sớm trước khoảng 3 đến 5 ngày để anh em lựa chọn. Vì vậy, người chơi nên tìm kiếm các mức cược có Odds ưu đãi và xác suất trả về cao nhất để đánh Mix Parlay. </span></p>
<h3><b>Đánh xâu bằng số lượng kèo thích hợp</b></h3>
<figure id="attachment_286" aria-describedby="caption-attachment-286" style="width: 800px" class="wp-caption aligncenter"><img loading="lazy" decoding="async" class="size-full wp-image-286" src="/wp-content/uploads/2024/07/cuoc-xien-la-gi-cho-nguoi-moi.jpg" alt="Người mới chơi nên đặt cược Multiple Bets bằng số lượng tỷ lệ kèo phù hợp" width="800" height="400" title="Cược Xiên Là Gì? Top Chiến Thuật Ghép Xâu Đại Thắng Tại VF555 9" srcset="/wp-content/uploads/2024/07/cuoc-xien-la-gi-cho-nguoi-moi.jpg 800w, /wp-content/uploads/2024/07/cuoc-xien-la-gi-cho-nguoi-moi-300x150.jpg 300w, /wp-content/uploads/2024/07/cuoc-xien-la-gi-cho-nguoi-moi-768x384.jpg 768w" sizes="auto, (max-width: 800px) 100vw, 800px" /><figcaption id="caption-attachment-286" class="wp-caption-text"><em>Người mới chơi nên đặt cược Multiple Bets bằng số lượng tỷ lệ kèo phù hợp</em></figcaption></figure>
<p><span style="font-weight: 400;">Nếu đã biết cược xâu là gì, mọi người sẽ hiểu cơ hội chiến thắng của hình thức cá độ này tỷ lệ nghịch với số lượng kèo trong vé xâu. Chính vì vậy, anh em cần dự đoán Multiple Bets với số lượng kèo đá banh hợp lý. Thay vì đánh xâu với quá nhiều tỷ lệ cược, mọi người nên chơi từ 2 đến 4 mức kèo để tối ưu hóa cơ hội chiến thắng. </span></p>
<h3><b>Kết hợp đánh xâu với các loại kèo khác</b></h3>
<p><span style="font-weight: 400;">Nếu chưa nắm rõ cách đánh </span><b>cược xiên là gì</b><span style="font-weight: 400;"> thành công nhất, anh em nên dự đoán Mix Parlay kết hợp với kèo cược khác. Ví dụ, người chơi đánh xâu cùng kèo tài xỉu hoặc 1&#215;2 châu Âu. Điều này giúp mọi người tăng thêm xác suất thu về tiền thưởng giá trị từ VF555.</span></p>
<p><span style="font-weight: 400;">Như vậy, thông qua bài viết này, anh em đã hiểu rõ</span><b> cược xiên là gì</b><span style="font-weight: 400;"> trong cá độ đá bóng. Đây là một trong những loại kèo hấp dẫn, được chơi nhiều nhất tại nhà cái VF555. Hy vọng rằng, sau khi tham khảo các chia sẻ trên, anh em đã biết thêm kinh nghiệm nhận định Mix Parlay đại thắng.</span></p>
]]></content:encoded>
					
		
		
			</item>
		<item>
		<title>Tỷ Lệ Kèo Malaysia Là Gì? Hướng Dẫn Chi Tiết Giúp Thắng Lớn</title>
		<link>/ty-le-keo-malaysia/</link>
		
		<dc:creator><![CDATA[vf555casino]]></dc:creator>
		<pubDate>Wed, 17 Jul 2024 08:15:23 +0000</pubDate>
				<category><![CDATA[CÁ CƯỢC BÓNG ĐÁ]]></category>
		<guid isPermaLink="false">/?p=259</guid>

					<description><![CDATA[Tỷ lệ kèo Malaysia luôn được rất nhiều người chơi quan tâm. Là một trong những kèo “khó chơi nhất”, tuy nhiên Malaysia vẫn thu hút đông đảo cược thủ tham gia bởi nó có lối chơi hấp dẫn và cơ hội thắng cao. Dưới đây VF555 sẽ bật mí tất tần tật thông tin [...]]]></description>
										<content:encoded><![CDATA[<p><a href="/ty-le-keo-malaysia/" class="broken_link"><b>Tỷ lệ kèo Malaysia </b></a><span style="font-weight: 400;">luôn được rất nhiều người chơi quan tâm. Là một trong những kèo “khó chơi nhất”, tuy nhiên Malaysia vẫn thu hút đông đảo cược thủ tham gia bởi nó có lối chơi hấp dẫn và cơ hội thắng cao. Dưới đây <strong><a href="/" class="broken_link">VF555</a></strong> sẽ bật mí tất tần tật thông tin cần biết về loại kèo này, giúp bạn hiểu và tự tin tham gia cá độ bóng đá hơn, tăng cơ hội dự đoán đúng!</span></p>
<h2><b>Tổng quan tỷ lệ kèo Malaysia</b></h2>
<p><b>Tỷ lệ kèo Malaysia </b><span style="font-weight: 400;">là chỉ số mà các nhà cái dùng để dự đoán kết quả của mỗi trận đấu, thường áp dụng trong cá độ bóng đá và cả những bộ môn thể thao khác. Khác với tỷ lệ châu Âu và Hong Kong thì odds Malay có thể là số âm hoặc dương, nhưng sẽ giới hạn trong khoảng từ -1 đến 1. </span></p>
<p><span style="font-weight: 400;">Kèo Malaysia rất được ưa chuộng trong giới cá độ bởi nó có tính minh bạch cao đi kèm với khoản tiền thưởng khá lớn. Tuy nhiên để chơi thành thục thì bạn phải mất kha khá thời gian luyện tập vì cách đọc odds của kèo có độ phức tạp cao. Thế nhưng khả năng ăn nhiều hơn so với những phân loại khác sẽ là động lực cho bạn lựa chọn tham gia kèo này.</span></p>
<figure id="attachment_261" aria-describedby="caption-attachment-261" style="width: 800px" class="wp-caption aligncenter"><img loading="lazy" decoding="async" class="size-full wp-image-261" src="/wp-content/uploads/2024/07/tong-quan-ty-le-keo-malaysia.jpg" alt="Tổng quan tỷ lệ kèo Malaysia." width="800" height="400" title="Tỷ Lệ Kèo Malaysia Là Gì? Hướng Dẫn Chi Tiết Giúp Thắng Lớn 10" srcset="/wp-content/uploads/2024/07/tong-quan-ty-le-keo-malaysia.jpg 800w, /wp-content/uploads/2024/07/tong-quan-ty-le-keo-malaysia-300x150.jpg 300w, /wp-content/uploads/2024/07/tong-quan-ty-le-keo-malaysia-768x384.jpg 768w" sizes="auto, (max-width: 800px) 100vw, 800px" /><figcaption id="caption-attachment-261" class="wp-caption-text"><em>Tổng quan tỷ lệ kèo Malaysia.</em></figcaption></figure>
<h2><b>Phân loại tỷ lệ kèo Malaysia</b></h2>
<p><span style="font-weight: 400;">Sau đây là một số</span><b> tỷ lệ kèo Malaysia </b><span style="font-weight: 400;">bạn cần nắm được nếu muốn đặt cược chính xác và kiếm về lợi nhuận:</span></p>
<ul>
<li style="font-weight: 400;" aria-level="1"><span style="font-weight: 400;">Kèo đồng banh nửa trái: Đây là loại kèo mà hai đội được xem là thực lực bằng nhau, không có sự chênh lệch về điểm số.</span></li>
<li style="font-weight: 400;" aria-level="1"><span style="font-weight: 400;">Kèo chấp hòa ½: Khi đặt kèo này, bạn cần đội bạn chọn thắng với ít nhất một bàn để thắng cược.</span></li>
<li style="font-weight: 400;" aria-level="1"><span style="font-weight: 400;">Kèo nửa trái một trái ¾: Đội được chấp một trái bán kèo, cần thắng ít nhất 1,75 bàn để thắng cược.</span></li>
<li style="font-weight: 400;" aria-level="1"><span style="font-weight: 400;">Kèo hòa (kèo 1): Khi kèo này được chấp, nếu kết quả trận đấu là hòa thì cược được hoàn về cho người chơi.</span></li>
<li style="font-weight: 400;" aria-level="1"><span style="font-weight: 400;">Kèo chấp 1 trái thua nửa trái 1 &#8211; 1 ¼: Đội bị chấp một trái và không được thua quá 1,25 trái để thắng cược.</span></li>
<li style="font-weight: 400;" aria-level="1"><span style="font-weight: 400;">Kèo cửa trên chấp trái rưỡi 1 &#8211; 1 ½: Đội được chấp từ một trái đến một trái rưỡi phải thắng ít nhất 1 trái để nhận về thưởng thêm.</span></li>
<li style="font-weight: 400;" aria-level="1"><span style="font-weight: 400;">Kèo cửa trên chấp hòa 1 trái 1 &#8211; 1 ¾: Đội được chấp từ một trái đến một trái rưỡi cần thắng ít nhất 1,75 trái để không bị thua.</span></li>
</ul>
<h2><b>Hướng dẫn đọc tỷ lệ kèo Malaysia chi tiết</b></h2>
<p><span style="font-weight: 400;">Hiểu rõ về kèo Malaysia giúp bạn đưa ra quyết định cược hiệu quả và dễ đến gần chiến thắng hơn. Ngoài ra thành thạo cách đọc kèo cũng là một phương pháp giúp bạn nhận biết được xu hướng của thị trường cá độ luôn thay đổi. Dưới đây VF555 sẽ hướng dẫn bạn cách đọc kèo chi tiết như sau:</span></p>
<h3><b>Đọc tỷ lệ dương</b></h3>
<p><span style="font-weight: 400;">Khi tỷ lệ kèo hiển thị là số dương thì bạn có thể coi nó tương đương như kèo châu Âu. Để tính toán lợi nhuận mà bạn có thể nhận được khi chiến thắng, hãy lấy số tiền bạn mua vé cược ban đầu rồi nhân với tỷ lệ cược nhà cái công bố.</span></p>
<p><span style="font-weight: 400;">Ví dụ trận đấu giữa Việt Nam và Indonesia nhà cái đưa ra </span><b>tỷ lệ kèo Malaysia</b><span style="font-weight: 400;"> dương là 0.900 : 0.961. Lúc này giả sử bạn mua vé cược 1 triệu và dự đoán chính xác kết quả thắng nghiêng về đội tuyển Việt Nam thì bạn sẽ nhận được thưởng thêm 900.000 đ.</span></p>
<h3><b>Đọc tỷ lệ âm</b></h3>
<p><span style="font-weight: 400;">Tỷ lệ Malaysia âm thường áp dụng trong các trường hợp như kèo chấp. Mỗi vé cược kèo âm khi chiến thắng sẽ nhận về thưởng thêm tính theo công thức số tiền mua vé cược ban đầu chia cho tỷ lệ cược. Cách tính này ngược lại so với đọc tỷ lệ kèo dương.</span></p>
<p><span style="font-weight: 400;">Ví dụ trong trận đấu giữa Việt Nam và Campuchia, với kèo Việt Nam chấp 0.5 trái với Campuchia có tỷ lệ cược -0.944. Nếu bạn đặt 1 triệu cho đội Campuchia và kết quả là hòa hoặc thắng, bạn sẽ nhận về khoảng 1.059.322 triệu.</span></p>
<figure id="attachment_262" aria-describedby="caption-attachment-262" style="width: 800px" class="wp-caption aligncenter"><img loading="lazy" decoding="async" class="size-full wp-image-262" src="/wp-content/uploads/2024/07/cach-doc-ty-le-keo-malaysia.jpg" alt="Hướng dẫn đọc tỷ lệ kèo Malaysia chi tiết." width="800" height="400" title="Tỷ Lệ Kèo Malaysia Là Gì? Hướng Dẫn Chi Tiết Giúp Thắng Lớn 11" srcset="/wp-content/uploads/2024/07/cach-doc-ty-le-keo-malaysia.jpg 800w, /wp-content/uploads/2024/07/cach-doc-ty-le-keo-malaysia-300x150.jpg 300w, /wp-content/uploads/2024/07/cach-doc-ty-le-keo-malaysia-768x384.jpg 768w" sizes="auto, (max-width: 800px) 100vw, 800px" /><figcaption id="caption-attachment-262" class="wp-caption-text"><em>Hướng dẫn đọc tỷ lệ kèo Malaysia chi tiết.</em></figcaption></figure>
<p><span style="font-weight: 400;">Với cách đọc trên, bạn đã hiểu vì sao kèo Malaysia âm dù khó nhưng vẫn được nhiều người chơi lựa chọn rồi chứ. Khi đánh thắng kèo, người chơi sẽ nhận được lợi nhuận khổng lồ. Nếu chẳng may kết quả không như dự đoán thì người chơi cũng chỉ mất một khoản không đáng kể.</span></p>
<h2><b>Một vài mẹo chơi tỷ lệ kèo Malaysia</b></h2>
<p><span style="font-weight: 400;">Để kiếm nhiều tiền hơn từ tỷ lệ kèo đặc biệt này thì bạn nên bỏ túi ngay một số mẹo như sau:</span></p>
<ul>
<li style="font-weight: 400;" aria-level="1"><span style="font-weight: 400;">Hiểu được luật lệ và quy định của kèo trước khi tham gia đặt cược.</span></li>
<li style="font-weight: 400;" aria-level="1"><span style="font-weight: 400;">Luôn cập nhật và học hỏi thêm nhiều thông tin từ những người chơi đi trước, thành thạo hơn mình.</span></li>
<li style="font-weight: 400;" aria-level="1"><span style="font-weight: 400;">Cân nhắc về thưởng và rủi ro của mỗi loại </span><b>tỷ lệ kèo Malaysia</b><span style="font-weight: 400;">. Cược âm (như -90 hoặc -95) có thể mang lại phần thưởng lớn nếu bạn thắng nhưng cũng có nguy cơ thua lỗ nếu bạn vào quá nhiều tiền. Ngược lại, tỷ lệ cược âm thấp (như 0 &#8211; 73) dễ thua hơn nhưng thiệt hại sẽ ít hơn khi thua cược.</span></li>
<li style="font-weight: 400;" aria-level="1"><span style="font-weight: 400;">Liên tục theo dõi bảng kèo trong suốt thời gian trước và trong khi trận đấu diễn ra để điều chỉnh kịp thời nếu cần thiết.</span></li>
</ul>
<figure id="attachment_260" aria-describedby="caption-attachment-260" style="width: 800px" class="wp-caption aligncenter"><img loading="lazy" decoding="async" class="size-full wp-image-260" src="/wp-content/uploads/2024/07/meo-choi-ty-le-keo-malaysia.jpg" alt="Một vài mẹo chơi tỷ lệ kèo Malaysia." width="800" height="400" title="Tỷ Lệ Kèo Malaysia Là Gì? Hướng Dẫn Chi Tiết Giúp Thắng Lớn 12" srcset="/wp-content/uploads/2024/07/meo-choi-ty-le-keo-malaysia.jpg 800w, /wp-content/uploads/2024/07/meo-choi-ty-le-keo-malaysia-300x150.jpg 300w, /wp-content/uploads/2024/07/meo-choi-ty-le-keo-malaysia-768x384.jpg 768w" sizes="auto, (max-width: 800px) 100vw, 800px" /><figcaption id="caption-attachment-260" class="wp-caption-text"><em>Một vài mẹo chơi tỷ lệ kèo Malaysia.</em></figcaption></figure>
<h2><b>Kết luận</b></h2>
<p><span style="font-weight: 400;">Hy vọng bài viết trên đây đã giúp bạn nắm được </span><b>tỷ lệ kèo Malaysia </b><span style="font-weight: 400;">là gì và cách đánh sao cho hiệu quả. Mùa bóng sôi động lúc nào cũng đem lại cơ hội thắng lớn cho những ai nhanh nhẹn. Hãy mau chóng tận dụng các bí quyết mà VF555 đã bật mí để dự đoán chính xác mọi kèo cược nhé!</span></p>
]]></content:encoded>
					
		
		
			</item>
		<item>
		<title>Chinh Phục Kèo Trên Kèo Dưới Đơn Giản Trong Cá Độ Bóng Đá</title>
		<link>/keo-tren-keo-duoi/</link>
		
		<dc:creator><![CDATA[vf555casino]]></dc:creator>
		<pubDate>Wed, 17 Jul 2024 08:11:53 +0000</pubDate>
				<category><![CDATA[CÁ CƯỢC BÓNG ĐÁ]]></category>
		<guid isPermaLink="false">/?p=253</guid>

					<description><![CDATA[Kèo trên kèo dưới là loại kèo mà bất cứ người chơi nào cũng nên biết bởi nó có cách đánh khá thú vị và có khả năng đem lại thắng lớn. Bài viết này VF555 sẽ mách bạn phương pháp đọc và chơi Odds này cực đơn giản nhưng sẽ đem lại hiệu quả [...]]]></description>
										<content:encoded><![CDATA[<p><b>Kèo trên kèo dưới </b><span style="font-weight: 400;">là loại kèo mà bất cứ người chơi nào cũng nên biết bởi nó có cách đánh khá thú vị và có khả năng đem lại thắng lớn. Bài viết này <strong><a href="/" class="broken_link">VF555</a></strong> sẽ mách bạn phương pháp đọc và chơi Odds này cực đơn giản nhưng sẽ đem lại hiệu quả cao nhất. Đọc ngay để sẵn sàng chinh phục bộ môn cá cược bóng đá như một cao thủ thực sự.</span></p>
<h2><b>Tổng quan về kèo trên kèo dưới</b></h2>
<p><a href="/keo-tren-keo-duoi/" class="broken_link"><b>Kèo trên kèo dưới</b></a><span style="font-weight: 400;"> là loại kèo thường thấy trong các bảng cược, nó còn được gọi với cái tên khác như kèo Under/ Over hay kèo kèo tài xỉu. Tỷ lệ này sẽ được nhà cái đưa ra theo một mốc nhất định cho người chơi đặt cược. Kết quả sẽ được công bố sau khi trận đấu kết thúc và tìm ra ai là người dự đoán trúng kết quả trên mốc hoặc dưới mốc cược.</span></p>
<p><span style="font-weight: 400;">Với kèo trên dưới thì bạn không cần quá quan tâm đến kết quả trận đấu là thắng hay thua. Tất cả những gì chúng ta cần nghiên cứu là số bóng lọt lưới hợp lệ của cả hai đội trong 1 hiệp hoặc trong 1 trận. </span></p>
<p><span style="font-weight: 400;">Cách chơi cược tài xỉu khá đơn giản, bạn chỉ cần cược tài (trên) hoặc xỉu (dưới) so với mốc mà nhà cái đưa ra. Tuy nhiên hiện nay đã xuất hiện khá nhiều biến thể của loại kèo này nên bạn cần tìm hiểu thật kỹ trước khi đưa ra quyết định tham gia.</span></p>
<figure id="attachment_254" aria-describedby="caption-attachment-254" style="width: 800px" class="wp-caption aligncenter"><img loading="lazy" decoding="async" class="size-full wp-image-254" src="/wp-content/uploads/2024/07/keo-tren-keo-duoi-tong-quan.jpg" alt="Tổng quan về kèo trên kèo dưới." width="800" height="400" title="Chinh Phục Kèo Trên Kèo Dưới Đơn Giản Trong Cá Độ Bóng Đá 13" srcset="/wp-content/uploads/2024/07/keo-tren-keo-duoi-tong-quan.jpg 800w, /wp-content/uploads/2024/07/keo-tren-keo-duoi-tong-quan-300x150.jpg 300w, /wp-content/uploads/2024/07/keo-tren-keo-duoi-tong-quan-768x384.jpg 768w" sizes="auto, (max-width: 800px) 100vw, 800px" /><figcaption id="caption-attachment-254" class="wp-caption-text"><em>Tổng quan về kèo trên kèo dưới.</em></figcaption></figure>
<h2><b>Hướng dẫn cách đọc các kèo trên kèo dưới phổ biến nhất</b></h2>
<p><span style="font-weight: 400;">Có rất nhiều phân loại kèo trên dưới được áp dụng vào các bảng kèo hiện nay. Nếu bạn không muốn bỏ lỡ cơ hội khi mùa bóng sôi động đang diễn ra thì tham khảo ngay hướng dẫn đọc kèo phổ biến nhất của VF555 dưới đây nhé!</span></p>
<h3><b>Kèo 0 trái</b></h3>
<p><span style="font-weight: 400;">Kèo trên dưới 0 trái thường được ưa chuộng hơn cả bởi nó dễ chơi đến mức ngay cả tân binh cũng có thể làm quen. Cách đọc tỷ lệ Odd này sẽ phân ra các tình huống như sau:</span></p>
<ul>
<li style="font-weight: 400;" aria-level="1"><span style="font-weight: 400;">Bạn chọn cửa Tài, trận đấu kết thúc với tổng tỷ số là 1 thì bạn sẽ thắng cược và nhận 100% tiền thưởng.</span></li>
<li style="font-weight: 400;" aria-level="1"><span style="font-weight: 400;">Đặt cửa Xỉu khi cả hai đội giữ sạch lưới thì bạn hòa vốn.</span></li>
<li style="font-weight: 400;" aria-level="1"><span style="font-weight: 400;">Đặt cửa Tài mà hai đội không ghi được bàn nào thì bạn thua cược.</span></li>
</ul>
<h3><b>Kèo trên kèo dưới 0,25 trái</b></h3>
<p><span style="font-weight: 400;">Kèo trên dưới 0,25, hay còn gọi ¼, là kèo chấp châu Á. Để chơi kèo này thì bạn phải hiểu được các đọc bao gồm:</span></p>
<ul>
<li style="font-weight: 400;" aria-level="1"><span style="font-weight: 400;">Chọn cửa Tài, đội kèo trên thắng: Bạn thắng cược và nhận đủ tiền thưởng.</span></li>
<li style="font-weight: 400;" aria-level="1"><span style="font-weight: 400;">Đặt cửa Xỉu, đội kèo trên thắng: Bạn thua hết tiền cược.</span></li>
<li style="font-weight: 400;" aria-level="1"><span style="font-weight: 400;">Chọn cửa Tài, kết quả hòa: Bạn thắng và nhận tiền. Người chọn cửa Xỉu mất nửa tiền cược.</span></li>
<li style="font-weight: 400;" aria-level="1"><span style="font-weight: 400;">Đặt cửa Xỉu, kết quả hòa: Bạn thua hết tiền cược.</span></li>
</ul>
<h3><b>Kèo trên dưới 0,5 trái</b></h3>
<p><span style="font-weight: 400;">Bạn sẽ còn nghe thấy tên gọi khác như tỷ lệ nửa trái. Cách đọc kèo này như sau:</span></p>
<ul>
<li style="font-weight: 400;" aria-level="1"><span style="font-weight: 400;">Đội cửa trên thắng: Bạn đặt cửa Tài thì thắng cược và nhận đủ tiền thưởng.</span></li>
<li style="font-weight: 400;" aria-level="1"><span style="font-weight: 400;">Đội cửa dưới thắng: Bạn đặt cửa Tài thì thua hết tiền cược. Người đặt cửa Xỉu sẽ nhận tiền cược.</span></li>
<li style="font-weight: 400;" aria-level="1"><span style="font-weight: 400;">Kết quả hòa: Phần thắng thuộc về đội kèo dưới.</span></li>
</ul>
<h3><b>Đọc kèo 0,75 trái</b></h3>
<p><span style="font-weight: 400;">Kèo tài xỉu 0,75, còn gọi là kèo 3/4 hay kèo chấp một nửa cũng rất phổ biến trong giới cá độ thể thao. Bạn cần học được cách đọc kèo là:</span></p>
<ul>
<li style="font-weight: 400;" aria-level="1"><span style="font-weight: 400;">Đội cửa trên thắng từ 2 bàn trở lên: Bạn đặt cửa Tài thì thắng và nhận đủ tiền thưởng, Xỉu thì thua.</span></li>
<li style="font-weight: 400;" aria-level="1"><span style="font-weight: 400;">Đội cửa trên thắng 1 bàn: Bạn đặt cửa Tài thì nhận nửa tiền thưởng, còn Xỉu thì mất ½ tiền vốn.</span></li>
<li style="font-weight: 400;" aria-level="1"><span style="font-weight: 400;">Đội cửa dưới thắng hoặc hòa: Bạn đặt cửa Tài thì thua, người đặt cửa Xỉu ăn đủ tiền.</span></li>
</ul>
<h3><b>Kèo Under/Over 1 trái</b></h3>
<p><span style="font-weight: 400;">Kèo 1 trái được đánh giá là dễ hiểu nhất. Nó không quá phức tạp như những phân loại khác, phù hợp cho cả người mới chơi:</span></p>
<ul>
<li style="font-weight: 400;" aria-level="1"><span style="font-weight: 400;">Kết quả 0-0: Người đặt cửa Xỉu ăn tiền.</span></li>
<li style="font-weight: 400;" aria-level="1"><span style="font-weight: 400;">Có 1 bàn thắng: Người đặt cửa Tài và Xỉu hòa nhau.</span></li>
<li style="font-weight: 400;" aria-level="1"><span style="font-weight: 400;">Có từ 2 bàn trở lên: Người đặt cửa Tài ăn đủ tiền cược.</span></li>
</ul>
<h3><b>Kèo 1 ¼</b></h3>
<p><span style="font-weight: 400;">Dù khó hơn các kèo vừa kể trên nhưng VF555 cho rằng tỷ lệ 1 ¼ sẽ đem lại cho bạn cơ hội kiếm lời hấp dẫn:</span></p>
<figure id="attachment_256" aria-describedby="caption-attachment-256" style="width: 800px" class="wp-caption aligncenter"><img loading="lazy" decoding="async" class="size-full wp-image-256" src="/wp-content/uploads/2024/07/huong-dan-cach-doc-keo-tren-keo-duoi.jpg" alt="Hướng dẫn cách đọc các kèo trên kèo dưới phổ biến nhất.Hướng dẫn cách đọc các kèo trên kèo dưới phổ biến nhất." width="800" height="400" title="Chinh Phục Kèo Trên Kèo Dưới Đơn Giản Trong Cá Độ Bóng Đá 14" srcset="/wp-content/uploads/2024/07/huong-dan-cach-doc-keo-tren-keo-duoi.jpg 800w, /wp-content/uploads/2024/07/huong-dan-cach-doc-keo-tren-keo-duoi-300x150.jpg 300w, /wp-content/uploads/2024/07/huong-dan-cach-doc-keo-tren-keo-duoi-768x384.jpg 768w" sizes="auto, (max-width: 800px) 100vw, 800px" /><figcaption id="caption-attachment-256" class="wp-caption-text"><em>Hướng dẫn cách đọc các kèo trên kèo dưới phổ biến nhất.</em></figcaption></figure>
<ul>
<li style="font-weight: 400;" aria-level="1"><span style="font-weight: 400;">Có từ 2 bàn thắng trở lên: Người đặt cửa Tài thắng và ăn đủ tiền cược.</span></li>
<li style="font-weight: 400;" aria-level="1"><span style="font-weight: 400;">Có 1 bàn thắng: Người đặt cửa Xỉu ăn nửa tiền, người đặt cửa Tài thua nửa tiền.</span></li>
<li style="font-weight: 400;" aria-level="1"><span style="font-weight: 400;">Không có bàn thắng: Người chọn cửa Xỉu thắng cược.</span></li>
</ul>
<p><span style="font-weight: 400;">Bên cạnh đó thì còn các kèo như 1 ½, 1 ¾ hay kèo 2 trái. Dù là tỷ lệ nào thì bạn cũng chỉ có nhiệm vụ đặt cược vào 1 trong 2 cửa và chờ đợi kết quả được công bố.</span></p>
<h2><b>Bỏ túi kinh nghiệm chơi kèo trên kèo dưới</b></h2>
<p><span style="font-weight: 400;">Dù dễ chơi nhưng không phải ai cũng có thể làm giàu được từ loại cược đặc biệt này. Sau đây VF555 sẽ mách bạn một số kinh nghiệm soi kèo đặc biệt, giúp bạn dự đoán chính xác và tránh rủi ro:</span></p>
<ul>
<li style="font-weight: 400;" aria-level="1"><span style="font-weight: 400;">Soi bảng kèo để tìm ra các trận đấu ít có biến động nhất. Đây là dấu hiệu của một cuộc so tài cân bằng giữa hai đội bóng và bạn nên tham gia cược trận này.</span></li>
<li style="font-weight: 400;" aria-level="1"><span style="font-weight: 400;">Soi theo kèo châu Âu và kèo châu Á tren bảng kèo. Nếu cả hai loại này có xu hướng hạ nhẹ thì đội chủ nhà có khả năng thắng cao hơn. Hãy điều chỉnh vé cược của mình nếu cần thiết.</span></li>
</ul>
<figure id="attachment_255" aria-describedby="caption-attachment-255" style="width: 800px" class="wp-caption aligncenter"><img loading="lazy" decoding="async" class="size-full wp-image-255" src="/wp-content/uploads/2024/07/kinh-nghiem-choi-keo-tren-keo-duoi.jpg" alt="Bỏ túi kinh nghiệm chơi kèo trên kèo dưới." width="800" height="400" title="Chinh Phục Kèo Trên Kèo Dưới Đơn Giản Trong Cá Độ Bóng Đá 15" srcset="/wp-content/uploads/2024/07/kinh-nghiem-choi-keo-tren-keo-duoi.jpg 800w, /wp-content/uploads/2024/07/kinh-nghiem-choi-keo-tren-keo-duoi-300x150.jpg 300w, /wp-content/uploads/2024/07/kinh-nghiem-choi-keo-tren-keo-duoi-768x384.jpg 768w" sizes="auto, (max-width: 800px) 100vw, 800px" /><figcaption id="caption-attachment-255" class="wp-caption-text"><em>Bỏ túi kinh nghiệm chơi kèo trên kèo dưới.</em></figcaption></figure>
<h2><b>Kết luận</b></h2>
<p><span style="font-weight: 400;">Hy vọng những hướng dẫn trên đây đã giúp bạn hiểu hơn về </span><b>kèo trên kèo dưới</b><span style="font-weight: 400;">. Hãy mau chóng áp dụng những kiến thức này để sẵn sàng chinh phục cá độ bóng đá và nhận về khoản thưởng hấp dẫn. VF555 chúc bạn luôn thành công với mỗi vé cược .</span></p>
]]></content:encoded>
					
		
		
			</item>
		<item>
		<title>Cách Đánh Kèo Rung VF555 &#8211; Gợi Ý Mẹo Chơi Từ Chuyên Gia</title>
		<link>/cach-danh-keo-rung-vf555/</link>
		
		<dc:creator><![CDATA[vf555casino]]></dc:creator>
		<pubDate>Tue, 16 Jul 2024 14:00:33 +0000</pubDate>
				<category><![CDATA[CÁ CƯỢC BÓNG ĐÁ]]></category>
		<guid isPermaLink="false">/?p=240</guid>

					<description><![CDATA[Cách đánh kèo rung là từ khóa cực hot được người chơi tìm kiếm rất nhiều trong thời gian qua tại VF555. Vậy anh em đã hiểu rõ khái niệm cược rung trong môn thể thao vua hay chưa? Tips nhận định kèo Running Ball hiệu quả nhất hiện nay được cao thủ sử dụng [...]]]></description>
										<content:encoded><![CDATA[<p><a href="/cach-danh-keo-rung-vf555/" class="broken_link"><b>Cách đánh kèo rung</b></a><span style="font-weight: 400;"> là từ khóa cực hot được người chơi tìm kiếm rất nhiều trong thời gian qua tại VF555. Vậy anh em đã hiểu rõ khái niệm cược rung trong môn thể thao vua hay chưa? Tips nhận định kèo Running Ball hiệu quả nhất hiện nay được cao thủ sử dụng là gì? Hãy tham khảo bài viết để cập nhật kinh nghiệm của chuyên gia <a href="/" class="broken_link"><strong>Vf555casino.net</strong></a> ngay nhé.</span></p>
<h2><b>Định nghĩa kèo rung bóng đá</b></h2>
<p><span style="font-weight: 400;">Đối với những ai có nhiều kinh nghiệm dự đoán bóng đá chắc chắn không còn xa lạ với kèo rung. Đây là một trong những hình thức chốt cược thú vị mang đến tỷ lệ trả thưởng rất ưu đãi. Khi tìm hiểu </span><b>cách đánh kèo rung</b><span style="font-weight: 400;">, mọi người sẽ biết đến tên gọi khác của loại hình cá độ này là Running Ball. Hiểu một cách đơn giản, anh em cần dự đoán thời điểm pha lập công sẽ xuất hiện trong trận đấu.</span></p>
<p><span style="font-weight: 400;">Đối với cược rung, mọi người không cần quan tâm đến tỷ số, kết quả chung cuộc. Nhiệm vụ của người chơi là tính toán, phán đoán chính xác thời gian bàn thắng diễn ra. Nếu đặt cược thành công, anh em sẽ thu được số tiền thưởng cực kỳ giá trị.</span></p>
<p><span style="font-weight: 400;">Mặc dù có sức hấp dẫn rất lớn nhưng </span><b>cách đánh kèo rung</b><span style="font-weight: 400;"> không hề đơn giản. Tỷ lệ bóng đá này đòi hỏi mọi người phải có khả năng phân tích, đánh giá và sự quyết đoán khi đặt cược. Chỉ cần phán đoán sai thời điểm, anh em sẽ bỏ lỡ cơ hội nhận định kèo rung trong trận đấu.</span></p>
<figure id="attachment_241" aria-describedby="caption-attachment-241" style="width: 800px" class="wp-caption aligncenter"><img loading="lazy" decoding="async" class="size-full wp-image-241" src="/wp-content/uploads/2024/07/cach-danh-keo-rung-la-gi.jpg" alt="Giải thích cược rung trong cá độ đá bóng uy tín" width="800" height="400" title="Cách Đánh Kèo Rung VF555 - Gợi Ý Mẹo Chơi Từ Chuyên Gia 16" srcset="/wp-content/uploads/2024/07/cach-danh-keo-rung-la-gi.jpg 800w, /wp-content/uploads/2024/07/cach-danh-keo-rung-la-gi-300x150.jpg 300w, /wp-content/uploads/2024/07/cach-danh-keo-rung-la-gi-768x384.jpg 768w" sizes="auto, (max-width: 800px) 100vw, 800px" /><figcaption id="caption-attachment-241" class="wp-caption-text"><em>Giải thích cược rung trong cá độ đá bóng uy tín</em></figcaption></figure>
<h2><b>Hướng dẫn cách đánh kèo rung cơ bản nhất tại VF555 </b></h2>
<p><span style="font-weight: 400;">Khi đã nắm vững khái niệm về cược rung, mọi người nên học hỏi cách đánh Running Ball cơ bản trước khi cá cược. Dưới đây là một số hình thức chơi đánh rung phổ biến, được nhiều người ưa chuộng nhất tại VF555:</span></p>
<h3><b>Cách đánh kèo rung 15 phút</b></h3>
<p><span style="font-weight: 400;">Một trong những phương pháp dự đoán Running Ball được áp dụng nhiều nhất tại nhà cái VF555 đó là đánh rung 15 phút. Với cách chơi này, mọi người có nhiệm vụ là chốt tiền vào thời điểm bàn thắng xuất hiện trong mỗi 15 phút kể từ khi trận đấu bắt đầu. </span></p>
<p><span style="font-weight: 400;">Cụ thể, sau khi tiếng còi khai cuộc vang lên, kèo Running Ball 15 phút đầu tiên sẽ được cung cấp, anh em có thể dự đoán bàn thắng diễn ra trong thời điểm này. Nếu như pha lập công xuất hiện, mọi người sẽ rinh ngay tiền thưởng. Nếu pha làm bàn không được ghi, người chơi sẽ mất đi số tiền đã chơi lúc đầu.</span></p>
<figure id="attachment_242" aria-describedby="caption-attachment-242" style="width: 800px" class="wp-caption aligncenter"><img loading="lazy" decoding="async" class="size-full wp-image-242" src="/wp-content/uploads/2024/07/cach-danh-keo-rung-co-ban.jpg" alt="Bật mí những cách đánh Running Ball nổi bật" width="800" height="400" title="Cách Đánh Kèo Rung VF555 - Gợi Ý Mẹo Chơi Từ Chuyên Gia 17" srcset="/wp-content/uploads/2024/07/cach-danh-keo-rung-co-ban.jpg 800w, /wp-content/uploads/2024/07/cach-danh-keo-rung-co-ban-300x150.jpg 300w, /wp-content/uploads/2024/07/cach-danh-keo-rung-co-ban-768x384.jpg 768w" sizes="auto, (max-width: 800px) 100vw, 800px" /><figcaption id="caption-attachment-242" class="wp-caption-text"><em>Bật mí những cách đánh Running Ball nổi bật</em></figcaption></figure>
<h3><b>Cách chơi Running Ball FT</b></h3>
<p><b>Cách đánh kèo rung</b><span style="font-weight: 400;"> bóng đá VF555 tiếp theo mọi người cần biết là cược Running Ball FT. Hiểu một cách đơn giản nhà cái sẽ đưa ra tỷ lệ kèo trong quãng thời gian 90 phút chính thức. Anh em hãy đặt tiền vào thời điểm bàn thắng có xác suất xuất hiện cao nhất để nhận thưởng.</span></p>
<h3><b>Cách đánh kèo rung phạt góc</b></h3>
<p><span style="font-weight: 400;">Đây là </span><b>cách đánh kèo rung</b><span style="font-weight: 400;"> độc đáo không dựa trên thời điểm bàn thắng được ghi trong mỗi cuộc so tài. Thay vào đó, mọi người sẽ nhận định khoảng thời gian các pha Corner Kick xuất hiện trong 90 phút chính thức. Nếu những tình huống đá góc diễn ra đúng như dự đoán, anh em sẽ nhận được tiền thưởng từ VF555.</span></p>
<h2><b>Kinh nghiệm đánh kèo rung VF555 chuẩn không cần chỉnh</b></h2>
<p><span style="font-weight: 400;">Bên cạnh việc tìm hiểu các phương pháp dự đoán kèo rung cơ bản, mọi người cần khám phá tips chơi hiệu quả từ cao thủ. Điều đó sẽ giúp anh em nhận định và chốt tiền vào tỷ lệ Running Ball hiệu quả. Dưới đây là một số tips chơi cược rung đá banh thành công nhất theo chuyên gia VF555:</span></p>
<figure id="attachment_243" aria-describedby="caption-attachment-243" style="width: 800px" class="wp-caption aligncenter"><img loading="lazy" decoding="async" class="size-full wp-image-243" src="/wp-content/uploads/2024/07/cach-danh-keo-rung-kinh-nghiem.jpg" alt="Cách đánh kèo rung theo tips dự đoán từ cao thủ" width="800" height="400" title="Cách Đánh Kèo Rung VF555 - Gợi Ý Mẹo Chơi Từ Chuyên Gia 18" srcset="/wp-content/uploads/2024/07/cach-danh-keo-rung-kinh-nghiem.jpg 800w, /wp-content/uploads/2024/07/cach-danh-keo-rung-kinh-nghiem-300x150.jpg 300w, /wp-content/uploads/2024/07/cach-danh-keo-rung-kinh-nghiem-768x384.jpg 768w" sizes="auto, (max-width: 800px) 100vw, 800px" /><figcaption id="caption-attachment-243" class="wp-caption-text"><em>Cách đánh kèo rung theo tips dự đoán từ cao thủ</em></figcaption></figure>
<h3><b>Đánh rung dựa trên tỷ lệ O/U</b></h3>
<p><b>Cách đánh kèo rung </b><span style="font-weight: 400;">này được nhiều cao thủ áp dụng với kết quả rất thành công. Theo đó, mọi người hãy quan sát tỷ lệ cược tài xỉu trên bảng kèo nhà cái. Nếu nhận thấy mức Over/Under bất ngờ tăng lên, anh em có thể chờ kèo rung xuất hiện để chốt tiền. Chiến thuật chơi Running Ball này giúp người chơi thu về số tiền thưởng vô cùng giá trị.</span></p>
<h3><b>Đánh rung 15 phút để dễ trúng thưởng</b></h3>
<p><span style="font-weight: 400;">Kinh nghiệm dự đoán Running Ball tiếp theo được chuyên gia chia sẻ chính là cược rung trong 15 phút của trận đấu. Với cách đánh này, anh em có thể dự đoán số tiền 1x trong 15 phút đầu trận. Nếu bàn thắng xuất hiện, người chơi sẽ nhận được tiền thưởng. </span></p>
<p><span style="font-weight: 400;">Nếu bàn thắng không xảy ra, anh em đánh Running Ball trong 15 phút kế tiếp với số tiền 2x. Khi áp dụng chiến thuật này, mọi người sẽ lĩnh thưởng rất nhiều tiền nếu trận đấu có bàn thắng.</span></p>
<h3><b>Dự đoán Running Ball 10 phút cuối</b></h3>
<p><span style="font-weight: 400;">Theo thống kê của chuyên gia VF555, đây là thời điểm các đội bóng dâng cao đội hình để tìm bàn thắng. Do đó xác suất các pha làm bàn được thực hiện trong 10 phút cuối trận là rất cao. Vì vậy, mọi người hãy đặt tiền vào kèo Running Ball trong thời gian này để hy vọng chiến thắng.</span></p>
<p><span style="font-weight: 400;">Như vậy, chúng ta vừa học hỏi </span><b>cách đánh kèo rung</b><span style="font-weight: 400;"> VF555 chuẩn xác và hiệu quả nhất hiện nay. Đây là một trong những hình thức cá độ rất ấn tượng và đẳng cấp. Nếu muốn khám phá thêm nhiều loại kèo đặc biệt khác, mọi người đừng quên truy cập nhà cái VF555 nhé.</span></p>
]]></content:encoded>
					
		
		
			</item>
	</channel>
</rss>
